{"timestamp": "2025-12-25T08:54:26.691271Z", "alert_id": "d8ab9cd3-68fa-4456-a293-77b90637b98e", "score": -0.017667239098889564, "features": {"packets_per_sec": 50.0, "bytes_per_sec": 36284.0, "entropy_src_ip": 5.643856189774725, "entropy_dst_ip": 5.523856189774727, "syn_ratio": 0.14}, "verdict": "anomaly", "explanation": "IsolationForest negative prediction (possible SYN flood)"}
{"timestamp": "2025-12-25T08:54:32.691271Z", "alert_id": "33624b41-3e11-4e2b-bef9-5771c5c79ede", "score": -0.0013105502113024414, "features": {"packets_per_sec": 50.0, "bytes_per_sec": 41337.0, "entropy_src_ip": 5.643856189774725, "entropy_dst_ip": 5.468758439731458, "syn_ratio": 0.26}, "verdict": "anomaly", "explanation": "IsolationForest negative prediction (possible SYN flood)"}
{"timestamp": "2025-12-25T08:54:33.691271Z", "alert_id": "db0b4482-f8ae-4702-9394-09e0dd038c37", "score": -0.01691082956182155, "features": {"packets_per_sec": 50.0, "bytes_per_sec": 35374.0, "entropy_src_ip": 5.643856189774725, "entropy_dst_ip": 5.483856189774727, "syn_ratio": 0.2}, "verdict": "anomaly", "explanation": "IsolationForest negative prediction (possible SYN flood)"}
{"timestamp": "2025-12-25T08:54:34.691271Z", "alert_id": "982d642c-eb9b-4478-b319-0612687205dd", "score": -0.061444530548084964, "features": {"packets_per_sec": 50.0, "bytes_per_sec": 38500.0, "entropy_src_ip": 5.643856189774725, "entropy_dst_ip": 5.403856189774727, "syn_ratio": 0.12}, "verdict": "anomaly", "explanation": "IsolationForest negative prediction (possible SYN flood)"}
{"timestamp": "2025-12-25T08:54:37.691271Z", "alert_id": "3294560d-067c-4504-adc3-dd860a7e05e3", "score": -0.017667239098889564, "features": {"packets_per_sec": 50.0, "bytes_per_sec": 34758.0, "entropy_src_ip": 5.643856189774725, "entropy_dst_ip": 5.523856189774727, "syn_ratio": 0.14}, "verdict": "anomaly", "explanation": "IsolationForest negative prediction (possible SYN flood)"}
{"timestamp": "2025-12-25T08:54:39.691271Z", "alert_id": "ee614227-bd33-4197-80a1-3b5833495090", "score": -0.01691082956182155, "features": {"packets_per_sec": 50.0, "bytes_per_sec": 37173.0, "entropy_src_ip": 5.643856189774725, "entropy_dst_ip": 5.483856189774727, "syn_ratio": 0.2}, "verdict": "anomaly", "explanation": "IsolationForest negative prediction (possible SYN flood)"}
{"timestamp": "2025-12-25T08:54:40.691271Z", "alert_id": "d01b4aed-a870-4984-a72b-f6f2f5588bc5", "score": -0.0029759242111973006, "features": {"packets_per_sec": 50.0, "bytes_per_sec": 43335.0, "entropy_src_ip": 5.643856189774725, "entropy_dst_ip": 5.443856189774727, "syn_ratio": 0.28}, "verdict": "anomaly", "explanation": "IsolationForest negative prediction (possible SYN flood)"}
{"timestamp": "2025-12-25T08:54:44.691271Z", "alert_id": "20d02a04-aedc-4016-8e98-f9ec1ae2b30f", "score": -0.10749696259734864, "features": {"packets_per_sec": 2500.0, "bytes_per_sec": 124985.0, "entropy_src_ip": -0.0, "entropy_dst_ip": 7.916848725588334, "syn_ratio": 1.0}, "verdict": "anomaly", "explanation": "IsolationForest negative prediction (possible SYN flood)"}
{"timestamp": "2025-12-25T08:54:45.691271Z", "alert_id": "d855d561-de12-44fb-9176-2afec97a75b0", "score": -0.10749696259734864, "features": {"packets_per_sec": 2500.0, "bytes_per_sec": 124887.0, "entropy_src_ip": -0.0, "entropy_dst_ip": 7.912228528752387, "syn_ratio": 1.0}, "verdict": "anomaly", "explanation": "IsolationForest negative prediction (possible SYN flood)"}
{"timestamp": "2025-12-25T08:54:46.691271Z", "alert_id": "c1dc3c62-b26e-4e63-9c58-fff8fd8d4ac1", "score": -0.10749696259734864, "features": {"packets_per_sec": 2500.0, "bytes_per_sec": 124724.0, "entropy_src_ip": -0.0, "entropy_dst_ip": 7.91486948537692, "syn_ratio": 1.0}, "verdict": "anomaly", "explanation": "IsolationForest negative prediction (possible SYN flood)"}
{"timestamp": "2025-12-25T08:54:47.691271Z", "alert_id": "f0a4ca97-709a-45e9-b49b-7e79c3346c4a", "score": -0.10749696259734864, "features": {"packets_per_sec": 2500.0, "bytes_per_sec": 124758.0, "entropy_src_ip": -0.0, "entropy_dst_ip": 7.917760663563429, "syn_ratio": 1.0}, "verdict": "anomaly", "explanation": "IsolationForest negative prediction (possible SYN flood)"}
{"timestamp": "2025-12-25T08:54:48.691271Z", "alert_id": "9e11de00-36f1-47b1-9b0a-719b5bc93a95", "score": -0.10749696259734864, "features": {"packets_per_sec": 2500.0, "bytes_per_sec": 124618.0, "entropy_src_ip": -0.0, "entropy_dst_ip": 7.910084822834921, "syn_ratio": 1.0}, "verdict": "anomaly", "explanation": "IsolationForest negative prediction (possible SYN flood)"}
{"timestamp": "2025-12-25T08:54:49.691271Z", "alert_id": "3faa6e8a-3645-438e-b5d9-7d8281f73e8e", "score": -0.10749696259734864, "features": {"packets_per_sec": 2500.0, "bytes_per_sec": 125113.0, "entropy_src_ip": -0.0, "entropy_dst_ip": 7.91759295415655, "syn_ratio": 1.0}, "verdict": "anomaly", "explanation": "IsolationForest negative prediction (possible SYN flood)"}
{"timestamp": "2025-12-25T08:54:50.691271Z", "alert_id": "2d857724-57c0-4d4e-9cf4-55a017b473a3", "score": -0.10749696259734864, "features": {"packets_per_sec": 2500.0, "bytes_per_sec": 125140.0, "entropy_src_ip": -0.0, "entropy_dst_ip": 7.916718640661276, "syn_ratio": 1.0}, "verdict": "anomaly", "explanation": "IsolationForest negative prediction (possible SYN flood)"}
{"timestamp": "2025-12-25T08:54:51.691271Z", "alert_id": "15f7abba-5fe9-46ea-a756-df775479350f", "score": -0.10749696259734864, "features": {"packets_per_sec": 2500.0, "bytes_per_sec": 125501.0, "entropy_src_ip": -0.0, "entropy_dst_ip": 7.9120587749854865, "syn_ratio": 1.0}, "verdict": "anomaly", "explanation": "IsolationForest negative prediction (possible SYN flood)"}
{"timestamp": "2025-12-25T08:54:52.691271Z", "alert_id": "6fddf7a4-a4f5-4e24-96e8-7642f7ddecbd", "score": -0.10749696259734864, "features": {"packets_per_sec": 2500.0, "bytes_per_sec": 124576.0, "entropy_src_ip": -0.0, "entropy_dst_ip": 7.917157984417788, "syn_ratio": 1.0}, "verdict": "anomaly", "explanation": "IsolationForest negative prediction (possible SYN flood)"}
{"timestamp": "2025-12-25T08:54:53.691271Z", "alert_id": "1f61c94f-1287-4c73-8767-26416fde8f16", "score": -0.10749696259734864, "features": {"packets_per_sec": 2500.0, "bytes_per_sec": 125218.0, "entropy_src_ip": -0.0, "entropy_dst_ip": 7.911280122926034, "syn_ratio": 1.0}, "verdict": "anomaly", "explanation": "IsolationForest negative prediction (possible SYN flood)"}
{"timestamp": "2025-12-25T08:54:54.691271Z", "alert_id": "9eb7f1f1-6513-4788-b342-1490b34972d4", "score": -0.10749696259734864, "features": {"packets_per_sec": 2500.0, "bytes_per_sec": 125285.0, "entropy_src_ip": -0.0, "entropy_dst_ip": 7.922144353725754, "syn_ratio": 1.0}, "verdict": "anomaly", "explanation": "IsolationForest negative prediction (possible SYN flood)"}
{"timestamp": "2025-12-25T08:54:55.691271Z", "alert_id": "664fabdd-8864-4532-89a9-67dc9ffdd998", "score": -0.10749696259734864, "features": {"packets_per_sec": 2500.0, "bytes_per_sec": 124814.0, "entropy_src_ip": -0.0, "entropy_dst_ip": 7.914334247269641, "syn_ratio": 1.0}, "verdict": "anomaly", "explanation": "IsolationForest negative prediction (possible SYN flood)"}
{"timestamp": "2025-12-25T08:54:56.691271Z", "alert_id": "86832e40-c2de-4b29-92c8-cc1a7ae0aea7", "score": -0.10749696259734864, "features": {"packets_per_sec": 2500.0, "bytes_per_sec": 125007.0, "entropy_src_ip": -0.0, "entropy_dst_ip": 7.912249318050041, "syn_ratio": 1.0}, "verdict": "anomaly", "explanation": "IsolationForest negative prediction (possible SYN flood)"}
{"timestamp": "2025-12-25T08:54:57.691271Z", "alert_id": "e95b627a-d0fb-4d08-8245-33ffbce0e826", "score": -0.10749696259734864, "features": {"packets_per_sec": 2500.0, "bytes_per_sec": 124912.0, "entropy_src_ip": -0.0, "entropy_dst_ip": 7.913900817564736, "syn_ratio": 1.0}, "verdict": "anomaly", "explanation": "IsolationForest negative prediction (possible SYN flood)"}
{"timestamp": "2025-12-25T08:54:58.691271Z", "alert_id": "e3bfde17-3618-4497-90ba-82b5f4ffce38", "score": -0.10749696259734864, "features": {"packets_per_sec": 2500.0, "bytes_per_sec": 124515.0, "entropy_src_ip": -0.0, "entropy_dst_ip": 7.9269279189689055, "syn_ratio": 1.0}, "verdict": "anomaly", "explanation": "IsolationForest negative prediction (possible SYN flood)"}
{"timestamp": "2025-12-25T08:54:59.691271Z", "alert_id": "097dddb5-4a52-4753-8434-bfbaa3ca1ac6", "score": -0.10749696259734864, "features": {"packets_per_sec": 2500.0, "bytes_per_sec": 125053.0, "entropy_src_ip": -0.0, "entropy_dst_ip": 7.914581022915659, "syn_ratio": 1.0}, "verdict": "anomaly", "explanation": "IsolationForest negative prediction (possible SYN flood)"}
{"timestamp": "2025-12-25T08:55:00.691271Z", "alert_id": "27b55702-6b7e-4c07-aacc-5db87eab4076", "score": -0.10749696259734864, "features": {"packets_per_sec": 2500.0, "bytes_per_sec": 125142.0, "entropy_src_ip": -0.0, "entropy_dst_ip": 7.914346147681326, "syn_ratio": 1.0}, "verdict": "anomaly", "explanation": "IsolationForest negative prediction (possible SYN flood)"}
{"timestamp": "2025-12-25T08:55:01.691271Z", "alert_id": "0e93d829-2c67-452d-a285-acf306774137", "score": -0.10749696259734864, "features": {"packets_per_sec": 2500.0, "bytes_per_sec": 125284.0, "entropy_src_ip": -0.0, "entropy_dst_ip": 7.903071144312014, "syn_ratio": 1.0}, "verdict": "anomaly", "explanation": "IsolationForest negative prediction (possible SYN flood)"}
{"timestamp": "2025-12-25T08:55:02.691271Z", "alert_id": "fcbf8d5f-1a07-46f9-b964-7627f720c60d", "score": -0.10749696259734864, "features": {"packets_per_sec": 2500.0, "bytes_per_sec": 125441.0, "entropy_src_ip": -0.0, "entropy_dst_ip": 7.913133980340596, "syn_ratio": 1.0}, "verdict": "anomaly", "explanation": "IsolationForest negative prediction (possible SYN flood)"}
{"timestamp": "2025-12-25T08:55:03.691271Z", "alert_id": "6f3fb37e-989d-4768-a34a-52c24a3556b7", "score": -0.10749696259734864, "features": {"packets_per_sec": 2500.0, "bytes_per_sec": 124820.0, "entropy_src_ip": -0.0, "entropy_dst_ip": 7.906662472798438, "syn_ratio": 1.0}, "verdict": "anomaly", "explanation": "IsolationForest negative prediction (possible SYN flood)"}
{"timestamp": "2025-12-25T08:55:06.691271Z", "alert_id": "ca1dc4ed-31a3-4859-9552-54d10815fd08", "score": -0.04732375957701562, "features": {"packets_per_sec": 50.0, "bytes_per_sec": 39957.0, "entropy_src_ip": 5.643856189774725, "entropy_dst_ip": 5.428758439731458, "syn_ratio": 0.28}, "verdict": "anomaly", "explanation": "IsolationForest negative prediction (possible SYN flood)"}
{"timestamp": "2025-12-25T08:55:08.691271Z", "alert_id": "f12aa8b0-a1a3-4c3c-bf63-93f9000577a0", "score": -0.054326468625889524, "features": {"packets_per_sec": 50.0, "bytes_per_sec": 38940.0, "entropy_src_ip": 5.643856189774725, "entropy_dst_ip": 5.308758439731457, "syn_ratio": 0.12}, "verdict": "anomaly", "explanation": "IsolationForest negative prediction (possible SYN flood)"}
{"timestamp": "2025-12-25T08:55:12.691271Z", "alert_id": "0cc11939-f27e-4227-bfca-8cc67ef7d671", "score": -0.012055038654207761, "features": {"packets_per_sec": 50.0, "bytes_per_sec": 36540.0, "entropy_src_ip": 5.643856189774725, "entropy_dst_ip": 5.523856189774727, "syn_ratio": 0.24}, "verdict": "anomaly", "explanation": "IsolationForest negative prediction (possible SYN flood)"}
{"timestamp": "2025-12-25T08:55:13.691271Z", "alert_id": "5afc8a2c-8261-4ad5-8512-08c7c1107955", "score": -0.01691082956182155, "features": {"packets_per_sec": 50.0, "bytes_per_sec": 35529.0, "entropy_src_ip": 5.643856189774725, "entropy_dst_ip": 5.483856189774727, "syn_ratio": 0.2}, "verdict": "anomaly", "explanation": "IsolationForest negative prediction (possible SYN flood)"}
{"timestamp": "2025-12-25T08:55:14.691271Z", "alert_id": "d2ac3221-5977-46e6-91a1-5539bf4ea335", "score": -0.041718848309041046, "features": {"packets_per_sec": 50.0, "bytes_per_sec": 34789.0, "entropy_src_ip": 5.643856189774725, "entropy_dst_ip": 5.363856189774727, "syn_ratio": 0.2}, "verdict": "anomaly", "explanation": "IsolationForest negative prediction (possible SYN flood)"}
{"timestamp": "2025-12-25T08:55:17.691271Z", "alert_id": "8eaf03c6-8f1f-4466-afc3-6733b0c37bd5", "score": -0.0737385000448002, "features": {"packets_per_sec": 50.0, "bytes_per_sec": 38874.0, "entropy_src_ip": 5.643856189774725, "entropy_dst_ip": 5.563856189774725, "syn_ratio": 0.34}, "verdict": "anomaly", "explanation": "IsolationForest negative prediction (possible SYN flood)"}
{"timestamp": "2025-12-25T08:55:19.691271Z", "alert_id": "de3b04ec-297b-4df5-8aa6-70f518e36a6c", "score": -0.03360681346612038, "features": {"packets_per_sec": 50.0, "bytes_per_sec": 37273.0, "entropy_src_ip": 5.643856189774725, "entropy_dst_ip": 5.483856189774727, "syn_ratio": 0.24}, "verdict": "anomaly", "explanation": "IsolationForest negative prediction (possible SYN flood)"}
{"timestamp": "2025-12-25T08:55:20.691271Z", "alert_id": "8ddcf093-c519-487a-ad90-c1b132116762", "score": -0.008398565140898095, "features": {"packets_per_sec": 50.0, "bytes_per_sec": 38344.0, "entropy_src_ip": 5.643856189774725, "entropy_dst_ip": 5.483856189774727, "syn_ratio": 0.16}, "verdict": "anomaly", "explanation": "IsolationForest negative prediction (possible SYN flood)"}
